id,name,tags,comment
"TR_m3_q_OE_MG_Dae_Gems","<Cursed Gem Spawn Point>","Gem",""
"TR_m3_q_OE_MG_Dae_Sapphire","<Cursed Gem Spawn Point>","Gem",""
"T_IngCrea_AebisFeathers_01","Aebis Feathers","CreaturePart,Feather",""
"T_IngFlor_AlchemistsGlobe_01","Alchemist's Globe","",""
"ingred_alit_hide_01","Alit Hide","CreaturePart,Hide","Found by killing Alits"
"T_IngFood_MeatAlit_01","Alit Meat","Meat",""
"T_IngFlor_Alkanet_01","Alkanet Flower","Plant",""
"T_IngFlor_AloeVeraPulp_01","Aloe Vera Pulp","Plant",""
"T_IngCrea_AlphynClaw_01","Alphyn Claw","CreaturePart,Claw",""
"T_IngFood_AltachiPear_01","Altachi Pear","Fruit",""
"AB_IngMine_Amber_01","Amber","Gem",""
"T_IngMine_AmberDae_01","Amber","Gem",""
"T_IngMine_Amber_01","Amber","Gem",""
"T_IngCrea_Ambergris","Ambergris","",""
"T_IngCrea_Ambergris_float","Ambergris","",""
"T_IngCrea_ButterflyWingSky_03","Amberwing Butterfly Wing","CreaturePart",""
"AB_IngMine_Amethyst_01","Amethyst","Gem",""
"TR_m7_q_Ns_IC8_gem5","Amethyst","Gem",""
"T_IngMine_AmethystDae_01","Amethyst","Gem",""
"T_IngMine_Amethyst_01","Amethyst","Gem",""
"TR_m7_q_Ns_IC8_gem1","Ametrine","Gem",""
"T_IngMine_Ametrine_01","Ametrine","Gem",""
"ingred_bc_ampoule_pod","Ampoule Pod","Plant","Common growing in swamps in the Bitter Coast region; one of two possible outputs of the draggle-tail plant (the other is the Coda Flower)"
"T_IngCrea_MothWingCyr_02","Ancestor Moth Wing","CreaturePart",""
"TR_m2_q_22_Dust","Ancient Dust","Mineral",""
"T_IngFlor_AnemicTwinstipe_01","Anemic Twinstipe","Plant",""
"T_IngCrea_Angelfish_01","Angelfish","Fish",""
"T_IngSpice_Anise_01","Anise Seeds","Spice,Plant",""
"T_IngMine_Antimony_01","Antimony Ore","Ore,Mineral",""
"T_IngCrea_MothWingSky_03","Antler Moth Wing","CreaturePart",""
"T_IngFood_AppleSkyrim_01","Apple","Fruit",""
"T_IngFood_Apple_01","Apple","Fruit",""
"T_IngMine_AquamarineDae_01","Aquamarine","Gem",""
"T_IngMine_Aquamarine_01","Aquamarine","Gem",""
"T_IngFlor_Aquilegia_01","Aquilegia Root Pulp","Plant",""
"T_IngFood_MeatArenthJerky_01","Arenthian Jerky","Meat",""
"T_IngCrea_ArmunHide_01","Armun Kagouti Hide","CreaturePart,Hide",""
"T_IngCrea_MothWingCyr_04","Arrow Moth Wing","CreaturePart",""
"T_IngFlor_Arrowroot_01","Arrowroot","Vegetable",""
"T_IngFlor_ArrowrootFlower_01","Arrowroot Flower","Vegetable,Plant",""
"T_IngCrea_MothWingMw_02","Ash Moth Wing","CreaturePart",""
"ingred_ash_salts_01","Ash Salts","Mineral","Found by killing Ash creatures"
"ingred_ash_yam_01","Ash Yam","Vegetable","Most common in farm areas, occasionally found in the wild"
"TR_m7_Ns_JNS_3_TombAD","Ashdew","",""
"T_IngFlor_Ashdew_01","Ashdew","",""
"T_IngCrea_AspisGland","Aspis Venom Gland","CreaturePart",""
"T_IngFlor_AspyrTea_01","Aspyr Tea Leaves","Plant",""
"T_IngFood_TeaAltmer_02","Assa Tea Cake","",""
"T_IngFlor_Asteria_01","Asteria","Gem",""
"T_IngCrea_AstralJellyfish_01","Astral Jellyfish","Fish",""
"T_IngCrea_AtavisticEye_01","Atavistic Eye","CreaturePart",""
"TR_m2_aztear_i2-383-ind","Azura's Tear","",""
"T_IngCrea_BarkHeart_01","Bark Heart","CreaturePart,Plant",""
"T_IngCrea_BarkScale_01","Bark Scale","CreaturePart,Plant",""
"T_IngCrea_BarracudaSteak_01","Barracuda Steak","Fish",""
"T_IngCrea_BarracudaTailfin_01","Barracuda Tailfin","Fish",""
"TR_m7_NVA8_ingred_bear_pelt","Bear Pelt","CreaturePart,Pelt",""
"ingred_bear_pelt","Bear Pelt","CreaturePart,Pelt","Found by killing Bears"
"T_IngFlor_Bearclaw_01","Bearclaw Flower","Plant",""
"T_IngFood_MeatBeef_01","Beef","Meat",""
"T_IngCrea_BosmerBeeswax_01","Beeswax","",""
"T_IngCrea_BeetleResin_01","Beetle Resin","Plant",""
"TR_m4_AA_SehutuHeart","Bel-Betu's Heart","CreaturePart",""
"T_IngFlor_BertpodSlice_01","Bertpod Slice","",""
"T_IngCrea_BezoarStone_01","Bezoar Stone","",""
"T_IngCrea_ShellMolecrab_01","Big Mole Crab Shell","Fish,CreaturePart",""
"T_IngFood_Cookie_01","Biscuit","Grain",""
"T_IngFood_Cookie_02","Biscuit","Grain",""
"TR_m2_q_9_BGPetals","Bittergreen Petals","Plant",""
"TR_m4_TT_SpawnBittergreen","Bittergreen Petals","Plant",""
"ingred_bittergreen_petals_01","Bittergreen Petals","Plant","Grows on thorny vines in drier regions"
"AB_IngFlor_BgSlime_01","Bittergreen Slime","Plant",""
"T_IngFlor_Bitterstar_01","Bitterstar Seeds","Spice,Plant",""
"T_IngMine_OreBitterstone_01","Bitterstone Ore","Ore",""
"T_IngFlor_BjoulsaeRose_01","Bjoulsae Rose","Plant",""
"ingred_black_anther_01","Black Anther","Plant","These flowers are most common in the Ascadian Isles region"
"T_IngCrea_BearpeltBlack_01","Black Bear Pelt","CreaturePart,Pelt",""
"ingred_black_lichen_01","Black Lichen","Plant","Somewhat rare, mostly found in caves"
"AB_IngMine_BlackPearl_01","Black Pearl","Gem",""
"T_IngMine_PearlBlackDae_01","Black Pearl","Gem",""
"T_IngMine_PearlBlack_01","Black Pearl","Gem",""
"T_IngFlor_BlackrosePetalDae_01","Black Rose","Plant",""
"T_IngFlor_BlackrosePetal_01","Black Rose","Plant",""
"TR_m1_Q_Ingred_BlackRose","Black Rose Offering","Plant","Found on the corpse of Alvar Omothan in Rangirth Ancestral Tomb"
"TR_m1_Q_BlackRose_Stationary","Black Rose Offering","Plant","The same offering after it has been placed on the ash-pit in Rangirth Ancestral Tomb"
"T_IngFlor_BlacksporeCap_01","Black Spore Cap","Mushroom,Plant",""
"AB_IngMine_BlackTourmaline_01","Black Tourmaline","Gem",""
"T_IngFood_Blackberry_01","Blackberries","Fruit",""
"T_IngFlor_Blknet_01","Blacknettle","",""
"T_IngFlor_Bleakbell_01","Bleak Bell","Plant",""
"T_IngFlor_Bleakstar_01","Bleakstar Stalk","Plant",""
"T_IngCrea_MothWingMw_01","Blight Moth Wing","CreaturePart",""
"AB_IngCrea_KwamaEggBlighted","Blighted Kwama Egg","Egg",""
"T_IngFlor_BlisterSpore_01","Blister Spore","Plant",""
"AB_IngFlor_Fomentarius","Blistering Fomentarius","Mushroom",""
"T_IngFlor_BlisteringFoment_01","Blistering Fomentarius","Mushroom",""
"ingred_bloat_01","Bloat","Mushroom","Grows in Bloat Spores, which are unfortunately not found anywhere in the game. The only examples you can find are in random containers, or sold by vendors."
"T_IngFlor_BloodlilyFlower_01","Blood Lily Flower","CreaturePart,Plant",""
"T_IngFlor_BloodlilyPod_01","Blood Lily Pod","CreaturePart,Plant",""
"ingred_blood_innocent_unique","Blood of an Innocent","CreaturePart","Not found in-game. Presumably this was intended to be used instead of the Heart of an Innocent."
"TR_i3-685_OutlawsBlood","Blood Stone","CreaturePart",""
"AB_IngFlor_Bloodgrass_01","Bloodgrass","Plant",""
"T_IngFlor_Bloodgrass_01","Bloodgrass","Plant",""
"T_IngMine_BloodstoneDae_01","Bloodstone","Gem",""
"T_IngMine_Bloodstone_01","Bloodstone","Gem",""
"T_IngCrea_ButterflyWingCyr_02","Blue Chalk Butterfly Wing","Mineral,CreaturePart",""
"AB_IngMine_BlueDiamond","Blue Diamond","Gem",""
"T_IngMine_DiamondBlue_01","Blue Diamond","Gem",""
"T_IngFlor_FlaxFlower_01","Blue Flax Flowers","Plant",""
"AB_IngFlor_BlueKanet_01","Blue Kanet","Plant",""
"T_IngFlor_BlueKanet_01","Blue Kanet","Plant",""
"T_IngFlor_LichenBlue_01","Blue Lichen","Plant",""
"T_IngMine_PearlBlueDae_01","Blue Pearl","Gem",""
"T_IngMine_PearlBlue_01","Blue Pearl","Gem",""
"T_IngMine_TopazBlue_01","Blue Topaz","Gem",""
"T_IngFood_Blueberry_01","Blueberries","Fruit",""
"T_IngFlor_Bluefoot_01","Bluefoot","Mushroom",""
"T_IngFood_MeatBoar_02","Boar Meat","Meat",""
"T_IngFlor_BogBeacon_01","Bog Beacon Cap","Mushroom",""
"TR_m2_q_38_purebonemeal","Bonemeal","Mineral",""
"ingred_bonemeal_01","Bonemeal","Mineral","Found on skeletons (living or dead), and also in urns in most tombs."
"T_IngFlor_BorealHydnum_01","Boreal Hydnum","Mushroom",""
"T_IngFlor_Bottomweed_01","Bottomweed","",""
"T_IngFood_BreadKeptu_01","Braided Bread","Grain",""
"T_IngFood_BreadKeptu_02","Braided Bread","Grain",""
"T_IngFood_BreadKeptu_03","Braided Bread","Grain",""
"T_IngMine_OreBrass_01","Brass Ore","Ore",""
"AB_IngFood_Bread01a","Bread","Grain",""
"AB_IngFood_Bread01b","Bread","Grain",""
"AB_IngFood_Bread02","Bread","Grain",""
"TR_m7_AHPicnicBread_01","Bread","Grain",""
"TR_m7_AHPicnicBread_02","Bread","Grain",""
"T_IngFood_BreadNordRye_01","Bread","Grain",""
"T_IngFood_BreadNordRye_02","Bread","Grain",""
"T_IngFood_BreadNordRye_03","Bread","Grain",""
"T_IngFood_BreadRedguard_01","Bread","Grain",""
"T_IngFood_BreadRedguard_02","Bread","Grain",""
"T_IngFood_BreadRedguard_03","Bread","Grain",""
"T_IngFood_Bread_01","Bread","Grain",""
"T_IngFood_Bread_02","Bread","Grain",""
"T_IngFood_Bread_03","Bread","Grain",""
"ingred_bread_01_UNI2","Bread","Grain","Appears in Balyn Omarel's House after completing Mephala's Quest."
"ingred_bread_01","Bread","Grain","Found in most taverns and many houses."
"T_IngFood_BridethornBerry_01","Bridethorn Berries","Fruit,Plant",""
"TR_m7_NVA8_boar_leather","Bristleback Leather","CreaturePart,Leather",""
"ingred_boar_leather","Bristleback Leather","CreaturePart,Leather","Found by killing Bristlebacks (with or without riders)"
"T_IngCrea_MothWingSky_02","Buck Moth Wing","CreaturePart",""
"ingred_bc_bungler's_bane","Bungler's Bane","Mushroom","This shelf-fungus grows on tree trunks in the Bitter Coast region"
"TR_m7_AHPicnicCabbage","Cabbage Leaf","Vegetable,Plant",""
"T_IngFlor_Cabbage_02","Cabbage Leaf","Vegetable,Plant",""
"T_IngFlor_CairnBolete_01","Cairn Bolete Cap","Mushroom",""
"T_IngFood_Cake_01","Cake","Sweet",""
"T_IngCrea_CanahFeather","Canah Feather","CreaturePart,Feather",""
"T_IngFlor_CanisRoot_01","Canis Root","Plant",""
"T_IngMine_CaputMortuum_01","Caput Mortuum","Mineral",""
"T_IngSpice_Cardamon_01","Cardamon Powder","Spice,Mineral",""
"T_IngFlor_CarlineTh_01","Carline Thistle Seeds","Spice,Plant",""
"T_IngFood_Carrot_01","Carrot","Vegetable",""
"T_IngCrea_CaveTrollEar_01","Cave Troll Ear","CreaturePart",""
"AB_IngFood_KwamaEggCentCut","Century Kwama Egg","Egg",""
"T_IngCrea_CephalopodShell_01","Cephalopod Shell Fragment","CreaturePart",""
"T_IngCrea_CetaceanMelon","Cetacean Melon","Fruit",""
"AB_IngMine_ChalkWhite","Chalk","Mineral",""
"T_IngMine_Chalk_01","Chalk","Mineral",""
"T_IngMine_Charcoal_01","Charcoal","Mineral",""
"T_IngFood_CheeseBreton_01","Cheese","Dairy",""
"T_IngFood_CheeseBreton_02","Cheese","Dairy",""
"T_IngFood_CheeseNord_01","Cheese","Dairy",""
"T_IngFood_CheeseRedguard_01","Cheese","Dairy",""
"T_IngFood_MeatChicken_01","Chicken Leg","Meat",""
"T_IngFood_UNI_ChocoMuffin","Chocolate Muffin","Sweet",""
"T_IngFlor_Chokeberry_01","Chokeberry","Fruit",""
"ingred_chokeweed_01","Chokeweed","Plant","Found growing in drier regions"
"T_IngFood_FishChrysophant_01","Chrysophant","Gem",""
"AB_IngFlor_CinderSparkLichen_01","Cinderspark Lichen","Plant",""
"T_IngFlor_CinnabarPolypore_01","Cinnabar Polypore Red Cap","Mushroom,Mineral",""
"T_IngFlor_CinnabarPolypore_02","Cinnabar Polypore Yellow Cap","Mushroom,Mineral",""
"T_IngSpice_Cinnamon_01","Cinnamon Bark","Spice,Plant",""
"T_IngMine_Citrine_01","Citrine","Gem",""
"T_IngCrea_ClamMeat","Clam Meat","Meat,Fish",""
"AB_IngCrea_ClannClaw_01","Clannfear Claw","CreaturePart,Claw",""
"T_IngFlor_Clawdooie_01","Clawdooie","",""
"AB_IngMine_Clay01","Clay","",""
"AB_IngMine_Clay02","Clay","",""
"T_IngCrea_MothWingSky_04","Clearwing Moth Wing","CreaturePart",""
"T_IngCrea_ButterflyWingSky_04","Cloud Flutterling Wing","CreaturePart",""
"T_IngFlor_CloudedFunnel_01","Clouded Funnel Cap","Mushroom",""
"T_IngFood_CloudyCorn_01","Cloudy Corn","Vegetable",""
"T_IngMine_Coal_01","Coal","Mineral",""
"T_IngMine_OreCobalt_01","Cobalt Ore","Ore",""
"T_IngFlor_Coconut_01","Coconut Meat","Meat,Fruit",""
"T_IngFood_FishCod_01","Cod","Fish",""
"ingred_bc_coda_flower","Coda Flower","Plant","Found growing in swampy pools in the Bitter Coast region on the draggle-tail plant"
"T_IngFood_BreadColovian_01","Colovian Bread","Grain",""
"T_IngFood_BreadColovian_02","Colovian Bread","Grain",""
"T_IngFood_CheeseColovian_01","Colovian Cheese","Dairy",""
"T_IngFood_Grape_01","Colovian Grapes","Fruit",""
"T_IngFlor_Comatus_01","Comatus Corpinus","Mushroom",""
"ingred_comberry_01","Comberry","Fruit","Grows in shrubs in the West Gash and Ascadian Isles regions"
"AB_IngFood_ComJam","Comberry Jam","Fruit,Sweet",""
"TR_m4_menaan_int_8_biscuit","Complimentary Biscuit","Grain",""
"TR_m2_q_38_ashbonemeal","Contaminated Bonemeal","Mineral",""
"T_IngMine_OreCopper_01","Copper Ore","Ore",""
"ingred_corkbulb_root_01","Corkbulb Root","Plant","Mostly found in drier regions in the wild."
"T_IngFlor_Cornflower_01","Cornflower Sprig","Plant",""
"ingred_corprus_weepings_01","Corprus weepings","CreaturePart","Found by killing Corprus Stalkers"
"T_IngFlor_Cowbell_01","Cowbell Flower","Plant",""
"TR_m7_AHPicnicCrabMeat","Crab Meat","Meat,Fish",""
"ingred_crab_meat_01","Crab Meat","Meat,Fish","Found by killing Mudcrabs"
"T_IngFood_Cracker_01","Cracker","Grain",""
"T_IngCrea_BeetleShell_02","Crag Beetle Shell","CreaturePart",""
"T_IngFood_Siyat_02","Cured Siyat","Fish",""
"T_IngCrea_MothWingCyr_05","Cusp Moth Wing","CreaturePart",""
"T_IngFood_CustTartRedguard_01","Custard Tart","Grain,Sweet",""
"T_IngCrea_DaedricBatEye_01","Daedra Eye","CreaturePart",""
"TR_m2_q_29_4_silk","Daedra Silk","CreaturePart",""
"T_IngCrea_DridreaSilk_01","Daedra Silk","CreaturePart",""
"ingred_daedra_skin_01","Daedra Skin","CreaturePart","Somewhat rare, mostly found at vendors -- See Note"
"ingred_cursed_daedras_heart_01","Daedra's Heart","CreaturePart","Found as offerings at Daedric shrines. See Cursed Items for more details."
"ingred_daedras_heart_01","Daedra's Heart","CreaturePart","Found by killing most Daedra - Dremora, Ogrim, Clannfears, Daedroth, etc."
"AB_IngCrea_DaeTeeth_01","Daedroth Teeth","CreaturePart",""
"T_IngCrea_DWyrmGland","Danswyrm Venom Gland","CreaturePart",""
"T_IngFlor_DarkSage_01","Dark Sage Petals","Plant",""
"T_IngFlor_Deathbell_01","Death Bell","Plant",""
"TR_m3_q_14_fish","Delamus' Stinky Fish Meat","Meat,Fish",""
"T_IngFlor_DesrosePetal_01","Desert Rose Petals","Plant",""
"TR_m1_q67_Fa1_Seeds","Desert Siren Seeds","Spice,Plant","Used in the House Telvanni quest: Seeds for Faruna"
"T_IngFood_BreadDeshaan_01","Deshaan Bread","Grain",""
"T_IngFood_BreadDeshaan_02","Deshaan Bread","Grain",""
"T_IngFood_BreadDeshaan_03","Deshaan Bread","Grain",""
"T_IngFood_BreadDeshaan_04","Deshaan Bread","Grain",""
"T_IngFood_BreadDeshaan_05","Deshaan Bread","Grain",""
"T_IngMine_DiamondDeTomb_01","Diamond","Gem",""
"ingred_diamond_01","Diamond","Gem","Common in barrels in Dwemer ruins. Also found in a small number of caves"
"ingred_Dae_cursed_diamond_01","Diamond","Gem","Found as offerings at Daedric shrines. See Cursed Items for more details."
"TR_m1_Q59_PR_disease_meat","Diseased Rat Meat","Meat","Used in the quest: Pack RATS!!!"
"T_IngFood_MeatDolphin_01","Dolphin Meat","Meat,Fish",""
"T_IngCrea_DonkeyHide_01","Donkey Hide","CreaturePart,Hide",""
"AB_IngFood_DoughLump","Dough","Grain",""
"AB_IngFood_DoughRolled","Dough","Grain",""
"T_IngCrea_Dragonscales_01","Dragonscales","",""
"T_IngFlor_Dragynia_01","Dragynia Blossom","Plant",""
"T_IngFlor_Draketail_01","Draketail Webbing","CreaturePart",""
"T_IngCrea_ButterflyWingCyr_06","Drakewing Butterfly Wing","CreaturePart",""
"AB_IngCrea_DreughShell_01","Dreugh Shell","CreaturePart",""
"ingred_dreugh_wax_01","Dreugh Wax","CreaturePart","Found by killing Dreugh"
"T_IngFood_Fig_Dried_01","Dried Fig","Fruit",""
"T_IngSpice_Hibiscus_01","Dried Hibiscus","Plant",""
"T_IngFood_FishSlaughterDried_01","Dried Slaughterfish","Fish",""
"T_IngFood_FishSlaughterDried_02","Dried Slaughterfish","Fish",""
"T_IngFood_FishSlaughterDried_03","Dried Slaughterfish","Fish",""
"T_IngFood_FishSlaughterDried_04","Dried Slaughterfish","Fish",""
"T_IngFlor_WhitePoppyPod_01","Dried Whitepoppy Pod","Plant",""
"T_IngFlor_DriftPuff_01","Drift Puff Flower","Plant",""
"T_IngFlor_DrumpearSeeds_01","Drumpear Seeds","Spice,Plant",""
"T_IngFlor_DryadSaddle_01","Dryad's Saddle Polypore Cap","Mushroom",""
"AB_IngCrea_DungCake","Dung Cake","Sweet",""
"T_IngFood_Indureta_01","Durata","",""
"T_IngCrea_DurzogHide_01","Durzog Hide","CreaturePart,Hide",""
"T_IngFlor_Fireflower_01","Duskbell","",""
"T_IngCrea_DuskyParrotfish_01","Dusky Parrotfish","Fish",""
"T_IngCrea_BeetleShell_01","Dust Beetle Shell","Mineral,CreaturePart",""
"AB_IngFlor_Dustcap","Dustcap","Mushroom",""
"TR_m2_q_38_ectoplasm","Ectoplasm","CreaturePart",""
"ingred_ectoplasm_01","Ectoplasm","CreaturePart","Found by killing Ghosts"
"TR_i4-507_ingred_hla_pearl","Edelmine's Pearl","Gem",""
"T_IngFood_EggChicken_01","Egg","Egg",""
"T_IngFlor_Elfcup_01","Elf Cup Cap","Mushroom",""
"T_IngCrea_EmbalmingPaste_01","Embalming Paste","",""
"TR_m3_q_A9_rewardemerald","Emerald","Gem",""
"TR_m4_AA_Tomb_2_Emerald","Emerald","Gem",""
"TR_m7_q_Ns_IC8_gem3","Emerald","Gem",""
"T_IngMine_EmeraldDeTomb_01","Emerald","Gem",""
"ingred_emerald_01","Emerald","Gem","Common in barrels in Dwemer ruins"
"ingred_Dae_cursed_emerald_01","Emerald","Gem","Found as offerings at Daedric shrines. See Cursed Items for more details."
"T_IngFlor_EmeticRussula_01","Emetic Russula Cap","Mushroom",""
"T_IngFood_TeaAltmer_01","Ensis Tea Cake","",""
"T_IngCrea_ButterflyWingCyr_05","Ephialtic Nightkiss Wing","CreaturePart",""
"TR_m7_Kalk_Evenfall_Sapphire","Evenfall","Plant","Found in Kalkusara"
"T_IngCrea_EyestarDae_01","Eyestar","",""
"T_IngCrea_Eyestar_01","Eyestar","",""
"T_IngFlor_FennelSeed_01","Fennel Seeds","Spice,Plant",""
"T_IngFood_Fig_01","Fig","Fruit",""
"T_IngMine_Agate_02","Fire Agate","Gem",""
"T_IngMine_FireOpal_01","Fire Opal","Gem",""
"ingred_fire_petal_01","Fire Petal","Plant","Found growing in the Molag Amur, Ashlands, and Red Mountain regions"
"ingred_fire_salts_01","Fire Salts","Mineral","Found by killing Flame Atronachs"
"AB_IngMine_Firejade_01","Firejade","Gem",""
"ingred_eyeball_unique","Flaming Eye of the Lightkeeper","CreaturePart","Taken from the Lightkeeper Grahl during The Ritual of the Sun."
"T_IngMine_Flashgrit_01","Flashgrit","",""
"T_IngFood_BreadFlat_01","Flat Bread","Grain",""
"T_IngFood_BreadFlat_02","Flat Bread","Grain",""
"T_IngFood_BreadFlat_03","Flat Bread","Grain",""
"T_IngFood_Flour_01","Flour","Grain",""
"T_IngFlor_FlyAmanita_01","Fly Amanita","Mushroom",""
"T_IngMine_FoolsGold_01","Fool's Gold","Ore",""
"T_IngFlor_ForsythiaTrRoots_01","Forsythia Root","Plant",""
"T_IngFlor_FoxgloveNectar_01","Foxglove Nectar","Plant",""
"T_IngFood_PastryFrRedguard_01","Fried Pastry","Grain",""
"T_IngCrea_FrogEye_01","Frog Eyeball","CreaturePart",""
"ingred_frost_salts_01","Frost Salts","Mineral","Found by killing Frost Atronachs"
"T_IngCrea_FrostTrollPelt_01","Frost Troll Pelt","CreaturePart,Pelt",""
"T_IngCrea_ButterflyWingCyr_04","Fruitbearer Butterfly Wing","CreaturePart",""
"T_IngFlor_FungalPod_01","Fungal Pod","Mushroom,Plant",""
"T_IngFood_Garlic_01","Garlic","Vegetable",""
"AB_IngMine_Garnet_01","Garnet","Gem",""
"TR_m7_q_Ns_IC8_gem6","Garnet","Gem",""
"T_IngMine_GarnetDae_01","Garnet","Gem",""
"T_IngMine_Garnet_01","Garnet","Gem",""
"T_IngFlor_GhostLaurel","Ghost Laurel","",""
"ingred_ghoul_heart_01","Ghoul Heart","CreaturePart","Supposedly the heart tissue of an Ash Ghoul, but not found on them. Mostly in random ingredient containers and sold at vendors. -- See Note"
"T_IngFlor_GingerFlower","Ginger Flower","Spice,Plant",""
"T_IngFlor_GingerRoot","Ginger Root","Spice,Plant",""
"T_IngFlor_Ginseng_01","Ginseng","Plant",""
"ingred_guar_hide_girith","Girith's Guar Hide","CreaturePart,Hide","Stolen from Athanden Girith, a trader in the Grazelands. Recover them in the Girith's Stolen Hides quest."
"T_IngFlor_Glasswort_01","Glasswort Sprig","Plant",""
"T_IngFlor_Gloomtear_01","Gloomtears","",""
"AB_IngCrea_GlowbugThoraxBlue","Glowbug Thorax","CreaturePart",""
"AB_IngCrea_GlowbugThoraxGreen","Glowbug Thorax","CreaturePart",""
"AB_IngFlor_GlMuscaria_01","Glowing Chanterelle","Mushroom",""
"TR_m7_NVA8_IngCrea_GoatPelt_01","Goat Fur","CreaturePart",""
"T_IngCrea_GoatPelt_01","Goat Fur","CreaturePart",""
"T_IngFood_MeatGoat_01","Goat Meat","Meat",""
"ingred_gold_kanet_01","Gold Kanet","Ore,Plant","Found growing in bushes in the grassy regions"
"T_IngMine_OreGoldDae_01","Gold Ore","Ore",""
"T_IngMine_OreGold_01","Gold Ore","Ore",""
"T_IngCrea_GoldTanthaBeak_01","Gold Tantha Beak","Ore,CreaturePart",""
"AB_IngMine_GoldPearl_01","Golden Pearl","Gem",""
"T_IngFlor_GoldWatcSeed_01","Golden Watcher Seed","Spice,Plant",""
"T_IngFlor_Maidenhair_01","Goldenlock","",""
"T_IngFlor_GoldenRod_01","Goldenrod Seed Pod","Spice,Plant",""
"T_IngFood_Gooseb01","Gooseberries","Fruit",""
"T_IngFood_Gorapple_01","Gorapple","Fruit",""
"AB_IngFood_KwamaLoaf","Goros","",""
"AB_IngFood_KwamaLoafSlice","Goros Slice","",""
"ingred_eyeball","Grahl Eyeball","CreaturePart","Found by killing Grahls"
"T_IngFood_Grape_02","Grapes","Fruit",""
"T_IngFlor_GrassPod01","Grass Pod","Plant",""
"ingred_gravedust_01","Gravedust","Mineral","No reliable location. Occasionally for sale at vendors or found in random containers"
"ingred_gravetar_01","Gravetar","CreaturePart","Found by killing Draugr"
"ingred_green_lichen_01","Green Lichen","Plant","Mostly grows on rocks in caves"
"T_IngFlor_Greenstain_01","Green Stain Mushroom","Mushroom",""
"T_IngCrea _GremlinEarWax_01","Gremlin Earwax","CreaturePart",""
"T_IngCrea_GremlinEarWax_01","Gremlin Earwax","CreaturePart",""
"T_IngFlor_GreyTickPowder_01","Grey Tick Powder","Mineral",""
"AB_IngCrea_OgrimLard","Grim Lard","Meat",""
"T_IngSpice_Drumpear_01","Ground Drumpear Seeds","Spice,Plant",""
"TR_m7_NVA8_ingred_guar_hide_01","Guar Hide","CreaturePart,Hide",""
"ingred_guar_hide_01","Guar Hide","CreaturePart,Hide","Found by killing Guars"
"TR_m7_q_guarliver","Guar Liver","Meat","Used in the quest: The Ritual of St. Veloth"
"AB_IngCrea_GuarMeat_01","Guar Meat","Meat",""
"T_IngFood_MeatGuar_01","Guar Meat","Meat",""
"TR_m4_TT_SpawnHackleLo","Hackle-Lo Leaf","Vegetable,Plant",""
"ingred_hackle-lo_leaf_01","Hackle-Lo Leaf","Vegetable,Plant","Found as food in most houses; grows wild in the Azura's Coast region."
"T_IngCrea_HagravenFeathers_01","Hagraven Feathers","CreaturePart,Feather",""
"T_IngFood_MeatHam_01","Ham","Meat",""
"T_IngFlor_Hamumroot_01","Hamum Root","Plant",""
"T_IngFlor_Hamumroot_02","Hamum Root","Plant",""
"T_IngFlor_Hamumroot_03","Hamum Root","Plant",""
"T_IngFood_Hardtack_01","Hardtack","Grain",""
"AB_IngFlor_Harrada_01","Harrada","",""
"T_IngFlor_Harrada_01","Harrada","",""
"T_IngFlor_Cabbage_01","Head of Cabbage","Vegetable",""
"TR_m7_Dradivas_Stone","Healing Stone","",""
"ingred_innocent_heart","Heart of an Innocent","CreaturePart","Obtained during the Rite of the Wolf Giver quest."
"ingred_udyrfrykte_heart","Heart of the Udyrfrykte","CreaturePart","Found by killing The Udyrfrykte."
"ingred_wolf_heart","Heart of the Wolf","CreaturePart","Obtained during the Rite of the Wolf Giver quest."
"ingred_heartwood_01","Heartwood","Plant","Occasionally found by killing Spriggans"
"ingred_heather_01","Heather","Plant","This common flower grows throughout the greener regions of Vvardenfell."
"TR_m4_q_AG_gift","Heirloom of the Lost Tribe","",""
"T_IngFlor_Hellebore_01","Hellebore Pollen","Plant",""
"TR_m7_Ns_MG_Hemlock_01","Hemlock Seeds","Spice,Plant",""
"T_IngFlor_Hemlock_01","Hemlock Seeds","Spice,Plant",""
"T_IngFlor_Hibiscus_01","Hibiscus Flower","Plant",""
"T_IngCrea_HirvHide_01","Hirv Hide","CreaturePart,Hide",""
"ingred_holly_01","Holly Berries","Fruit,Plant","Grows all over Solstheim"
"T_IngFood_Honey_01","Honey","Sweet",""
"T_IngFlor_HoneyLily_01","Honey Lily Blossom","Sweet,Plant",""
"T_IngFlor_HoneyLily_02","Honey Lily Leaf","Sweet,Plant",""
"T_IngCrea_HoomEgg_01","Hoom Egg","Egg",""
"T_IngCrea_HopperAntler_01","Hopper Antler","CreaturePart",""
"T_IngFood_MeatHorker_01","Horker Meat","Meat",""
"T_IngCrea_HorkerPupPelt_01","Horker Pup Pelt","CreaturePart,Pelt",""
"T_IngCrea_HorkerPupPelt_02","Horker Pup Pelt","CreaturePart,Pelt",""
"T_IngCrea_HorkerPupPelt_03","Horker Pup Pelt","CreaturePart,Pelt",""
"ingred_horker_tusk_01","Horker Tusk","CreaturePart","Found by killing Horkers"
"T_IngCrea_BeetleShell_04","Horned Beetle Shell","CreaturePart",""
"AB_IngCrea_HorseMeat01","Horse Meat","Meat",""
"TR_m3_OE_q_HorseMeat","Horse Meat","Meat",""
"T_IngFood_MeatHorse_01","Horse Meat","Meat",""
"ingred_hound_meat_01","Hound Meat","Meat","Found by killing Nix-Hounds"
"ingred_human_meat_01","Human Flesh","Meat","Very rare. Only found in certain places. One is Palansour"
"T_IngCrea_HumanHeart","Human Heart","CreaturePart",""
"T_IngCrea_RedoranHoundChitin_01","Hunting Hound Chitin","CreaturePart",""
"ingred_bc_hypha_facia","Hypha Facia","Mushroom","This shelf-fungus is found growing on tree trunks in the Bitter Coast region"
"T_IngMine_IceCrystal_01","Ice Crystal","Gem",""
"T_IngCrea_IcewraithTeeth_01","Ice Wraith Teeth","CreaturePart",""
"T_IngFlor_IcyShell01","Icy Shell Fungus","Mushroom,CreaturePart",""
"T_IngDye_ImperialPurple_01","Imperial Purple Dye","Mineral",""
"T_IngFlor_InkCone_01","Ink Cone","",""
"T_IngCrea_IronToadHide","Iron Hide","Ore,CreaturePart,Hide",""
"T_IngMine_OreIron_01","Iron Ore","Ore",""
"T_IngFood_Ironrye_01","Ironrye","Grain",""
"T_IngFlor_IronwoodNut_01","Ironwood Nuts","Plant",""
"T_IngCrea_Ivory","Ivory","Gem",""
"T_IngMine_Jade_01","Jade","Gem",""
"T_IngCrea_Jadescales_01","Jadescales","",""
"T_IngFlor_Jarmush_01","Jarmush Leaves","Plant",""
"T_IngMine_JetDae_01","Jet","Gem",""
"T_IngMine_Jet_01","Jet","Gem",""
"ingred_kagouti_hide_01","Kagouti Hide","CreaturePart,Hide","Found by killing Kagoutis"
"T_IngFood_MeatKagouti_01","Kagouti Meat","Meat",""
"T_IngMine_PearlKardesh_01","Kardesh Pearl","Gem",""
"T_IngMine_KhajiitEyeDae_01","Khajiit-Eye","CreaturePart",""
"T_IngMine_KhajiitEye_01","Khajiit-Eye","CreaturePart",""
"T_IngFlor_KingBolete_01","King Bolete","Mushroom",""
"T_IngFlor_KingThistle_01","King Thistle Flower","Plant",""
"T_IngCrea_KoboldTongue_01","Kobold Tongue","CreaturePart",""
"ingred_kresh_fiber_01","Kresh Fiber","CreaturePart","Kreshweed is found growing near sea water, most common in the Azura's Coast, Bitter Coast and West Gash regions."
"T_IngFlor_SujPod_01","Kuj Sprout Pulp","Plant",""
"T_IngCrea_KwamaChitin_01","Kwama Chitin","CreaturePart",""
"ingred_kwama_cuttle_01","Kwama Cuttle","CreaturePart","Found by killing Kwama (any type)."
"T_IngFood_MeatKwama_01","Kwama Meat","Meat",""
"AB_IngCrea_KwamaPoison","Kwama Poison","CreaturePart",""
"T_IngCrea_KwoomEgg_01","Kwoom Egg","Egg",""
"T_IngCrea_KwoomFronds","Kwoom Fronds","Plant",""
"T_IngFlor_LadysMantle_01","Lady's Mantle Leaves","Plant",""
"T_IngFlor_LadysSmock_01","Lady's Smock Leaves","Plant",""
"T_IngCrea_LamiaHair_01","Lamia Hair","CreaturePart",""
"T_IngCrea_LamplightResin_01","Lamplight","",""
"T_IngMine_LapisLazuli_01","Lapis Lazuli","Gem",""
"ingred_6th_corprusmeat_05","Large Corprusmeat Hunk","Meat",""
"food_kwama_egg_02","Large Kwama Egg","Egg","Found in Egg Mines. Also common as food in houses."
"TR_m3_q_kwamasmuggle","Large Kwama Egg","Egg","Used in the East Empire Company quest: Letter of the Law"
"ingred_6th_corprusmeat_01","Large Wrapped Corprusmeat","Meat",""
"T_IngFlor_Lavender_01","Lavender","Plant",""
"T_IngFlor_Lazarum_01","Lazarum Lazandrum","",""
"T_IngMine_OreLead_01","Lead Ore","Ore",""
"T_IngFood_FishLeaperTail_01","Leaper Tail","CreaturePart",""
"T_IngFood_Leek_01","Leek","Vegetable",""
"AB_IngCrea_LichDust","Lich Dust","Mineral",""
"T_IngCrea_LichDust_01","Lich Dust","Mineral",""
"T_IngFlor_LizardFootExtract_01","Lizardfoot Extract","",""
"AB_IngMine_Lodestone","Lodestone","Mineral",""
"T_IngMine_Lodestone_01","Lodestone","Mineral",""
"T_IngFood_BreadBretonLong_01","Longbread","Grain",""
"T_IngFood_BreadBretonLong_02","Longbread","Grain",""
"T_IngFood_BreadBretonLong_03","Longbread","Grain",""
"T_IngFood_FishLongfinFilet_01","Longfin Filet","Fish",""
"T_IngFood_LotteFruit_01","Lotte Fruit","Fruit",""
"T_IngFlor_LotusPoppyHead_01","Lotus Poppy Head","",""
"T_IngFlor_LoversRaflesiaPistil","Lovers Rafflesia Pistil","Plant",""
"ingred_russula_01","Luminous Russula","Mushroom","Found in the Bitter Coast region, also common in caves"
"T_IngMine_LunarCaustic_01","Lunar Caustic","Mineral",""
"T_IngCrea_MothWingMw_03","Lute Moth Wing","CreaturePart",""
"T_IngFood_Lyco_01","Lycoae","",""
"T_IngFlor_MaceFruit_01","Mace Fruit","Fruit",""
"T_IngMine_Malouchite_01","Malachite","Gem",""
"T_IngFlor_MandrakeRoot_01","Mandrake Root","Plant",""
"T_IngFood_Mango_01","Mango","Fruit",""
"TR_i3-280_ingred_cursed_diamond","Maniel's Diamond","Gem","Found in: Old Ebonheart, Guild of Mages: BasementUsed in the quest: Don't Touch My Gems!"
"T_IngFlor_MarasBeads_01","Mara's Beads","",""
"T_IngFood_MarmongPaste_01","Marmong Paste","",""
"TR_m3_TT_Dis_marshrootincense","Marsh Root Incense","Plant","Found in: Roa Dyr, Crossing of LampsUsed in the quest: A Stunning Proposition"
"T_IngFlor_MarshStalk_01","Marsh Stalk Cap","Mushroom,Plant",""
"ingred_marshmerrow_01","Marshmerrow","Vegetable","Found growing near water, most common in the Azura's Coast region"
"ingred_guar_hide_marsus","Marsus' Guar Hide","CreaturePart,Hide","Stolen from Marsus Tullius, a trader in the Grazelands. Recover them in the Marsus Tullius' Missing Hides quest."
"T_IngCrea_MeatHoney_01","Meat Honey","Meat,Sweet",""
"ingred_6th_corprusmeat_06","Medium Corprusmeat Hunk","Meat",""
"ingred_6th_corprusmeat_03","Medium Wrapped Corprusmeat","Meat",""
"T_IngMine_OreMercury_01","Mercury","Mineral",""
"TR_m2_meteor_i2-383-ind","Meteor Fragment","Mineral",""
"ingred_scrib_jelly_02","Meteor Slime","Mineral,Plant","Found on Charles the Plant, at Jobasha's Rare Books in Vivec."
"T_IngMine_Agate_03","Midnight Agate","Gem",""
"T_IngFlor_Milkthistle_01","Milk Thistle Flower","Plant",""
"T_IngFlor_Mindcap_01","Mindcap","Mushroom",""
"T_IngCrea_Minotaurhorn_01","Minotaur Horn","CreaturePart",""
"T_IngFlor_Mistletoe_01","Mistletoe Berries","Fruit,Plant",""
"T_IngFood_Mokre_01","Mokre","",""
"T_IngFood_EggMolecrab_01","Mole Crab Egg","Fish,Egg",""
"T_IngFlor_MonardaSeed_01","Monarda Seeds","Spice,Plant",""
"T_IngFlor_Monkshood_01","Monkshood","Plant",""
"T_IngFlor_MonkshoodRootPulp_01","Monkshood Root Pulp","Plant",""
"T_IngCrea_MoonMothWing_01","Moon Moth Wing","CreaturePart",""
"ingred_moon_sugar_01","Moon Sugar","Sweet","Found in smuggler caves. Most vendors will not deal with you if you are carrying this illegal narcotic substance."
"TR_m4_TJ_MoonshadowRose","Moonshadow Rose","Plant",""
"T_IngMine_MoonstoneDae_01","Moonstone","Gem",""
"T_IngMine_Moonstone_01","Moonstone","Gem",""
"T_IngFlor_Moosebite_01","Moosebite Polypore","Mushroom",""
"T_IngFlor_MorningGlory_01","Morning Glory Flower","Plant",""
"T_IngFlor_Motherwort_01","Motherwort","",""
"T_IngFlor_MountainDamask","Mountain Damask","",""
"ingred_muck_01","Muck","Plant","Found in Muckspunge plants which grow near water in many regions"
"ingred_bread_01_UNI3","Muffin","Sweet","Carried by Gakkenfeld, an Orc at the Gro-Bagrat Plantation in the Ascadian Isles region."
"T_IngCrea_Mummyheart_01","Mummy Heart","CreaturePart",""
"T_IngSpice_Muscat_01","Muscat","Fruit",""
"T_IngCrea_Muskratfur_01","Muskrat Fur","CreaturePart",""
"T_IngFlor_Mustard_01","Mustard Seeds","Spice,Plant",""
"T_IngFood_MeatMutton_01","Mutton","Meat",""
"T_IngFlor_Oleander_01","Nerium Rose Flower","Plant",""
"ingred_netch_leather_01","Netch Leather","CreaturePart,Leather","Found by killing Netch"
"T_IngCrea_Newtscales_01","Newt Scales","CreaturePart",""
"T_IngFlor_NgopRoot_01","Ngop Root","Plant",""
"T_IngSpice_Nigella_01","Nigella Seeds","Spice,Plant",""
"T_IngFlor_NightshadeDae_01","Nightshade","Plant",""
"T_IngFlor_Nightshade_01","Nightshade","Plant",""
"T_IngFlor_Nirnroot_01","Nirnroot","Plant",""
"TR_m1_Q_Ingred_NobleSedge","Noble Sedge Flowers Offering","Plant","Found on the corpse of Alvar Omothan in Rangirth Ancestral Tomb"
"TR_m1_Q_NobleSedge_Stationary","Noble Sedge Flowers Offering","Plant","The same offering after it has been placed on the ash-pit in Rangirth Ancestral Tomb"
"T_IngFlor_NoddingStreakwort","Nodding Streakwort","",""
"T_IngFood_NoodlesEsriWheat_01","Noodles","Grain",""
"T_IngFood_NoodlesYnesaiRice_01","Noodles","Grain",""
"AB_IngMine_Obsidian_01","Obsidian","Gem",""
"T_IngCrea_ButterflyWingCyr_03","Ocularis Butterfly Wing","CreaturePart",""
"T_IngSpice_OliveOil_01","Olive Oil","Fruit,Liquid",""
"T_IngFood_Olives_01","Olives","Fruit",""
"T_IngFood_Onion_01","Onion","Vegetable",""
"TR_m7_q_Ns_IC8_gem8","Onyx","Gem",""
"T_IngMine_Onyx_01","Onyx","Gem",""
"T_IngMine_OpalDae_01","Opal","Gem",""
"T_IngMine_Opal_01","Opal","Gem",""
"TR_m1_Ingred_Opal_i62","Opal Stone","Gem","Found in: Gah Sadrith, Tel Darys: TombCursed"
"T_IngFlor_LichenOrange_01","Orange Lichen","Fruit,Plant",""
"T_IngFlor_OrangeMoss_01","Orange Moss","Fruit,Plant",""
"TR_m7_Kalk_Orc_Flesh","Orc Flesh","Meat","Found in Narsis, Sewers: Grand Bazaar and Kalkusara"
"T_IngCrea_OrcBlood_01","Orc's Blood","CreaturePart",""
"T_IngFlor_Orcscrown","Orcscrown","",""
"T_IngMine_OreOrichalcum_02","Orichalc Grains","Ore",""
"T_IngMine_OreOrichalcum_01","Orichalcum Ore","Ore",""
"T_IngFood_EggOrnada_01","Ornada Egg","Egg",""
"T_IngFood_MeatOrnada_01","Ornada Meat","Meat",""
"T_IngCrea_OysterMeat_01","Oyster Meat","Meat,Fish",""
"T_IngCrea_OysterMeat_02","Oyster Meat","Meat,Fish",""
"T_IngFlor_PadomaicSage_01","Padomaic Sage Leaf","Plant",""
"T_IngFood_SilverPalmfruit_01","Palm Fruit","Fruit",""
"T_IngFood_PorridgePalm_01","Palm Porridge","Grain",""
"T_IngFood_MeatParastylus_01","Parastylus Meat","Meat",""
"T_IngCrea_ShellParastylus_01","Parastylus Shell Fragment","CreaturePart",""
"T_IngFood_PassionFruit_01","Passion Fruit","Fruit",""
"TR_m3_nelyn_cursed_pearl","Pearl","Gem",""
"T_IngMine_PearlDeTomb_01","Pearl","Gem",""
"ingred_Dae_cursed_pearl_01","Pearl","Gem","Found as offerings at Daedric shrines. See Cursed Items for more details."
"ingred_pearl_01","Pearl","Gem","Found in kollops on the sea floor. Also found in barrels in Dwemer ruins."
"T_IngCrea_Pearlessence_01","Pearlessence","",""
"T_IngFlor_Peony_01","Peony Seeds","Spice,Plant",""
"AB_IngMine_Peridot_01","Peridot","Gem",""
"T_IngMine_PeridotDae_01","Peridot","Gem",""
"T_IngMine_Peridot_01","Peridot","Gem",""
"T_IngFlor_PLotusLeaf_01","Perrif's Lotus Seeds","Spice,Plant",""
"T_IngFlor_Persarine_01","Persarine Blossom","Plant",""
"T_IngFood_FishPike_01","Pike Meat","Meat,Fish",""
"T_IngFood_FishPikeperch_01","Pikeperch Meat","Meat",""
"T_IngFlor_PilgrimGel_01","Pilgrim's Gel","Mineral",""
"T_IngFlor_PilgrimPetals_01","Pilgrim's Petals","Plant",""
"ingred_emerald_pinetear","Pinetear","","Family heirloom obtained during A Wife's Retribution."
"T_IngMine_PearlPinkDae_01","Pink Pearl","Gem",""
"T_IngMine_PearlPink_01","Pink Pearl","Gem",""
"T_IngFlor_Pitcher_01","Pitcher Sack","",""
"AB_IngFlor_Bloodgrass_02","Planeriven Bloodgrass","Plant",""
"AB_IngFlor_Harrada_02","Planeriven Harrada","",""
"T_IngMine_OrePlatinum_01","Platinum Ore","Ore",""
"T_IngFood_Plum_01","Plum","Fruit",""
"poison_goop00","Poison","CreaturePart","Very rare. Only a few are known to exist. Some in Palansour, and also in Mudan Grotto."
"T_IngFlor_PBloomBulb_01","Poison Bloom Bulb","CreaturePart,Plant",""
"TR_m3_OE_RatMeatPoison","Poisoned Rat Meat","Meat","Found in: Old Ebonheart, The Fetcher's PawnOld Ebonheart, Rifskald Whalebane's House"
"AB_IngFlor_Pomegranate01","Pomegranate","Fruit",""
"AB_IngFlor_Pomegranate02","Pomegranate","Fruit",""
"T_IngFood_Pomegranate_01","Pomegranate","Fruit",""
"T_IngFood_PoppadGourd_01","Poppad Gourd","Vegetable",""
"T_IngFood_MeatPork_01","Pork","Meat",""
"T_IngFlor_PorousExidia_01","Porous Exidia","Mushroom",""
"T_IngFood_Potato_01","Potato","Vegetable",""
"T_IngCrea_PrawnTail","Prawn Tail","Fish,CreaturePart",""
"T_IngSpice_Pricklespice_01","Pricklespice","",""
"T_IngFlor_PricklyPear_01","Prickly pear","Fruit",""
"T_IngFlor_Primrose_01","Primrose Leaves","Plant",""
"T_IngCrea_PrismaticDust_01","Prismatic Dust","Mineral",""
"T_IngFlor_PyrousUracia","Pyrous Uracia","",""
"T_IngMine_OreQuicksilver_01","Quicksilver Ore","Ore",""
"TR_i3-591_ingred_RaathimAsh","Raathim Gravedust","Mineral",""
"T_IngFood_MeatCliffracer_01","Racer Meat","Meat",""
"ingred_racer_plumes_01","Racer Plumes","CreaturePart,Feather","Found by killing Cliff Racers"
"T_IngFood_Radish_01","Radish","Vegetable",""
"T_IngMine_Agate_01","Rainbow Agate","Gem",""
"T_IngCrea_RakiTeeth_01","Raki Teeth","CreaturePart",""
"T_IngFlor_CFungus_01","Ramaria Formosa Paste","Mushroom",""
"ingred_rat_meat_01","Rat Meat","Meat","Found by killing Rats"
"T_IngMine_Arsenic_01","Raw Arsenic","Mineral",""
"TR_m3_q_A5_SmuggledEbony","Raw Ebony","Ore",""
"ingred_Dae_cursed_raw_ebony_01","Raw Ebony","Ore","Found as offerings at Daedric shrines. See Cursed Items for more details."
"ingred_raw_ebony_01","Raw Ebony","Ore","Found in Ebony Mines. Usually a crime to take it."
"ingred_raw_glass_tinos","Raw Glass","Ore","Found in Beshara, needed for The Angry Trader quest."
"ingred_raw_glass_01","Raw Glass","Ore","Found in Glass Mines. Usually a crime to take it."
"TR_m7_q_Ns_IC8_gem9","Raw Gold","Ore",""
"T_IngFlor_Indulcet_01","Raw Indulcet","",""
"T_IngCrea_FlyMusk_01","Raw Musk","Mineral",""
"TR_m1_q51_ingred_BOmusk_UNI","Raw Musk","Mineral","Found in: Nowhere"
"T_IngCrea_Silk_01","Raw Silk","CreaturePart",""
"ingred_raw_Stalhrim_01","Raw Stalhrim","Ore","Found in barrows. Ancient Stalhrim Pickaxe required."
"T_IngMine_OreTin_01","Raw Tin","Ore",""
"T_IngCrea_Wool_01","Raw Wool","CreaturePart",""
"T_IngMine_OreZinc_01","Raw Zinc","Ore",""
"T_IngMine_Realgar_01","Realgar","Mineral",""
"T_IngFlor_RedCoral_01","Red Coral","Gem",""
"AB_IngMine_RedDiamond","Red Diamond","Gem",""
"T_IngMine_DiamondRed_01","Red Diamond","Gem",""
"T_IngCrea_ButterflyWingCyr_01","Red Fan Butterfly Wing","CreaturePart",""
"T_IngFlor_FlaxFlower_02","Red Flax Flowers","Plant",""
"ingred_red_lichen_01","Red Lichen","Plant","Found growing on rocks, mostly in the Ashlands. Also for sale at vendors."
"T_IngFlor_Redpoppy_01","Red Poppy","",""
"T_IngCrea_RedSharkMeat_01","Red Shark Meat","Meat",""
"T_IngFlor_RedGreenPepper_01","Red-green Pepper","Spice",""
"T_IngFlor_DomicaRedwort_01","Redwort Flower","Plant",""
"ingred_resin_01","Resin","Plant","No reliable location. Occasionally for sale at vendors or found in random containers."
"T_IngFood_Rice_01","Rice","Grain",""
"T_IngFood_RiceCake_01","Rice Cake","Grain,Sweet",""
"T_IngSpice_Pepper_01","Rihad Pepper","Spice",""
"ingred_belladonna_01","Ripened Belladonna Berries","Fruit,Plant","Somewhat less common than the unripe variety, but still relatively widespread."
"T_IngCrea_RocEgg_01","Roc Egg","Egg",""
"T_IngCrea_RocFeather","Roc Feather","CreaturePart,Feather",""
"T_IngMine_RockCrystalDae_01","Rock Crystal","Gem",""
"T_IngMine_Rockcrystal_01","Rock Crystal","Gem",""
"T_IngFlor_RockburstClaw_01","Rockburst Claw","CreaturePart,Claw",""
"T_IngFlor_RockburstPod_01","Rockburst Pod","Plant",""
"ingred_gold_kanet_unique","Roland's Tear","Plant","This variation of Gold Kanet grows near Ald Sotha. Needed for the quest of the same name."
"ingred_roobrush_01","Roobrush","Plant","Found growing in hilly regions"
"T_IngFlor_Glowshroom","Roridomyces Phyllostachydis","",""
"T_IngFlor_RedrosePetalDae_01","Rose","Plant",""
"T_IngFlor_RedrosePetal_01","Rose","Plant",""
"T_IngMine_RoseQuartz_01","Rose Quartz","Gem,Plant",""
"T_IngCrea_MothWingCyr_06","Rosy Moth Wing","CreaturePart",""
"TR_m4_ing_rotten_guar_meat","Rotten Guar Meat","Meat",""
"T_IngFlor_RougeCamillea_01","Rouge Camillea","",""
"TR_m7_q_Ns_IC8_gem2","Ruby","Gem",""
"T_IngMine_RubyDeTomb_01","Ruby","Gem",""
"ingred_Dae_cursed_ruby_01","Ruby","Gem","Found as offerings at Daedric shrines. See Cursed Items for more details."
"ingred_ruby_01","Ruby","Gem","Often found in barrels in Dwemer ruins"
"TR_m1_ingred_ceph_shell_uni","Ruined Cephalopod Shell","CreaturePart","Found in: Nowhere"
"T_IngFlor_RustRussula_01","Rust Russula","Mushroom",""
"T_IngFlor_RustblossomSeed_01","Rustbloossom Seed","Spice,Plant",""
"T_IngCrea_SaberCatTooth_01","Saber Cat Tooth","CreaturePart",""
"T_IngFlor_LotusSeed_01","Sacred Lotus Seeds","Spice,Plant",""
"T_IngSpice_Saffron_01","Saffron Powder","Spice,Mineral",""
"AB_IngCrea_SaintsHair","Saint's Hair","CreaturePart",""
"T_IngFood_FishSalmon_01","Salmon Meat","Meat,Fish",""
"T_IngMine_Salt_01","Salt","Spice",""
"T_IngFlor_SaltCrocusPetal_01","Salt Crocus Petal","Spice,Plant",""
"T_IngFood_FishCodDried_01","Salted Cod","Fish",""
"ingred_saltrice_01","Saltrice","Grain","Found growing near sea water, most common in the Azura's Coast region. Also a common food item in houses."
"AB_IngFood_SaltriceBread","Saltrice Bread","Grain",""
"AB_IngFood_SaltricePorridge","Saltrice Porridge","Grain",""
"T_IngFlor_SaltstrapLeaf_01","Saltstrap Leaf","Plant",""
"T_IngFlor_SaltstrapPollen_01","Saltstrap Pollen","Plant",""
"AB_IngMine_Sapphire_01","Sapphire","Gem",""
"TR_m7_q_Ns_IC8_gem4","Sapphire","Gem",""
"T_IngMine_SapphireDae_01","Sapphire","Gem",""
"T_IngMine_Sapphire_01","Sapphire","Gem",""
"ingred_scales_01","Scales","CreaturePart","Found by killing Slaughterfish"
"ingred_scamp_skin_01","Scamp Skin","CreaturePart","Found by killing Scamps"
"ingred_scathecraw_01","Scathecraw","Plant","Grows in dry, hilly regions"
"T_IngFood_Scone_01","Scone","Grain",""
"ingred_scrap_metal_01","Scrap Metal","Ore","Found by killing Dwemer constructs. Also common in barrels and on shelves in Dwemer ruins."
"T_IngCrea_ButterflyWingSky_02","Scrapling Butterfly Wing","CreaturePart",""
"ingred_scrib_jelly_01","Scrib Jelly","Sweet","Found by killing Scribs"
"ingred_scrib_jerky_01","Scrib Jerky","Meat","Found as a food item in houses."
"T_IngFood_ScribPie_01","Scrib Pie","Grain",""
"AB_IngCrea_ScribShell_01","Scrib Shell","CreaturePart",""
"ingred_scuttle_01","Scuttle","","Found as a food item in houses."
"AB_IngFood_ScuttlePie","Scuttle Pie","Grain",""
"AB_IngFlor_Scypha","Scypha Mycena Caps","Mushroom",""
"T_IngCrea_SeaUrchinMeat_01","Sea Urchin Meat","Meat",""
"T_IngFood_EggSeagull_01","Seagull Egg","Egg",""
"T_IngFood_Sfiha_01","Sfiha","Grain",""
"T_IngFood_Sfiha_02","Sfiha","Grain",""
"T_IngFlor_Shadowfly_01","Shadowfly Blossom","Plant",""
"T_IngFlor_Shadowfly_02","Shadowfly Stalks","Plant",""
"ingred_shalk_resin_01","Shalk Resin","Plant","Found by killing Shalks"
"T_IngCrea_HopperMeat","Sharai Hopper Meat","Meat",""
"T_IngFlor_SheggoShelf_01","Sheggo's Shelf","",""
"T_IngFlor_ShutagJelly_01","Shutag Jelly","Sweet",""
"AB_IngCrea_Silkgut","Silkgut","",""
"T_IngMine_OreSilver_01","Silver Ore","Ore",""
"T_IngCrea_SilverSpadeMeat_01","Silver Spade Meat","Meat,Ore",""
"T_IngFlor_Siyat_01","Siyat Leaf","Fish,Plant",""
"T_IngCrea_SkyrendQStinger_01","Skyrender Queen Stinger","CreaturePart",""
"T_IngCrea_SkyrendSlumgum_01","Skyrender Slumgum","",""
"T_IngCrea_SkyrenderVenom_01","Skyrender Venom","CreaturePart",""
"T_Glb_UNI_Skyrim_Ice_01","Skyrim Ice","",""
"AB_IngCrea_SfMeat_01","Slaughterfish Meat","Meat,Fish",""
"ingred_sload_soap_01","Sload Soap","","Rare. Mostly found for sale at vendors or in random containers."
"ingred_6th_corprusmeat_07","Small Corprusmeat Hunk","Meat",""
"food_kwama_egg_01","Small Kwama Egg","Egg","Found in Egg Mines. Also common food item in houses."
"T_IngCrea_ShellMolecrab_02","Small Mole Crab Shell","Fish,CreaturePart",""
"ingred_6th_corprusmeat_02","Small Wrapped Corprusmeat","Meat",""
"T_IngFlor_SmearSpores_01","Smear Spores","",""
"T_IngMine_SmokyQuartz_01","Smoky Quartz","Gem",""
"TR_m7_NVA8_snowbear_pelt","Snow Bear Pelt","CreaturePart,Pelt",""
"ingred_snowbear_pelt_unique","Snow Bear Pelt","CreaturePart,Pelt","Found by killing Snow Bears"
"T_IngFood_Snowberry_01","Snow Berries","Fruit,Plant",""
"T_IngFlor_SnowBlossom_01","Snow Blossom","Plant",""
"ingred_snowwolf_pelt_unique","Snow Wolf Pelt","CreaturePart,Pelt","Found by killing Snow Wolves"
"T_IngCrea _SnowraySting_01","Snowray Sting","",""
"T_IngCrea_SnowraySting_01","Snowray Sting","",""
"T_IngFlor_SocrataNectar_01","Socatra Nectar","Plant",""
"T_IngFlor_SomberWidow_01","Somber Widow Blossom","Plant",""
"T_IngFlor_SomnaliusFrond_01","Somnalius Frond","Plant",""
"T_IngFood_FishSpr_01","Spearmouth","Fish",""
"T_IngMine_Spellstone_01","Spellstone","",""
"T_IngFlor_Spiddal_01","Spiddal","",""
"T_IngCrea_SpiderSilk_01","Spider Silk","CreaturePart",""
"AB_IngCrea_SpiderVenom","Spider Venom","CreaturePart",""
"AB_IngCrea_SpiderMilk","Spider's Milk","Dairy",""
"T_IngCrea_Spikeworm_01","Spikeworm Carapace","CreaturePart",""
"T_IngMine_SpinelDae_01","Spinel","Gem",""
"T_IngMine_Spinel_01","Spinel","Gem",""
"AB_IngFood_KwamaEggSpoilLarge","Spoiled Kwama Egg","Egg",""
"AB_IngFood_KwamaEggSpoilSmall","Spoiled Kwama Egg","Egg",""
"T_IngFlor_SpongeLotusSeed_01","Sponge Lotus Seed","Spice,Plant",""
"ingred_bc_spore_pod","Spore Pod","Plant","Found on Slough Ferns growing in the Bitter Coast region"
"T_IngFlor_SeaCup_01","Spotted Gillsieve","Fish",""
"AB_IngCrea_SprigganEar","Spriggan's Ear","CreaturePart",""
"T_IngFood_MeatSqrl_01","Squirrel Meat","Meat",""
"T_IngFlor_StJahnsWort_01","St. Jahn's Wort Flowers","Plant",""
"AB_IngMine_Diopside_01","Star Diopside","Gem",""
"TR_m2_q_9_Eyestar_uni","Star's Eye","CreaturePart",""
"T_IngCrea_Starfish_01","Starfish Leg","Fish",""
"T_IngCrea_Starfish_02","Starfish Leg","Fish",""
"T_IngCrea_Starfish_03","Starfish Leg","Fish",""
"T_IngFlor_Steelblue_01","Steel Blue Entoloma Cap","Mushroom",""
"T_IngFlor_Stinkhorn_01","Stinkhorn Cap","Mushroom",""
"ingred_stoneflower_petals_01","Stoneflower Petals","Plant","These flowers are common in the West Gash and Ascadian Isles regions."
"T_IngFood_Strawberry_01","Strawberry","Fruit",""
"T_IngCrea _StridentBirdEgg_01","Strident Runner Egg","Egg",""
"T_IngCrea_StridentBirdEgg_01","Strident Runner Egg","Egg",""
"T_IngCrea _StridentBirdFeath_01","Strident Runner Feathers","CreaturePart,Feather",""
"T_IngCrea_StridentBirdFeath_01","Strident Runner Feathers","CreaturePart,Feather",""
"T_IngFood_FishStrid_01","Stridfish","Fish",""
"AB_IngCrea_SturgeonMeat01","Sturgeon Meat","Meat,Fish",""
"AB_IngCrea_SturgeonMeat02","Sturgeon Meat","Meat,Fish",""
"AB_IngCrea_SturgeonMeat03","Sturgeon Meat","Meat,Fish",""
"T_IngCrea_SturgeonMeat_01","Sturgeon Meat","Meat,Fish",""
"AB_IngCrea_SturgeonRoe","Sturgeon Roe","Fish",""
"T_IngCrea_SturgeonRoe_01","Sturgeon Roe","Fish",""
"T_IngFlor_SucculentPulp_01","Succulent Pulp","Plant",""
"AB_IngMine_Sulphur","Sulphur","Mineral",""
"T_IngMine_OreSulfur_01","Sulphur","Mineral",""
"T_IngFlor_SummerBolete_01","Summer Bolete Cap","Mushroom",""
"TR_m3_TT_JalorPowder","Suspicious Powder","Mineral",""
"TR_m3_TT_JalorPowder02","Suspicious Powder","Mineral",""
"T_IngFlor_SwmpChal_01","Swamp Chalice","",""
"T_IngFlor_SweetbreadPolypore_01","Sweetbread Polypore","Mushroom",""
"T_IngFlor_Sugarcane_01","Sweetgrass Stem","",""
"AB_IngFood_Sweetroll","Sweetroll","Grain,Sweet",""
"T_IngFood_Sweetroll_01","Sweetroll","Grain,Sweet",""
"T_IngCrea_ButterflyWingSky_01","Sweetroll Butterfly Wing","Grain,Sweet,CreaturePart",""
"T_IngFlor_Tacca_01","Tacca Seeds","Spice,Plant",""
"T_IngFlor_Tanna_01","Tanna","",""
"T_IngCrea_TanthaEgg_01","Tantha Egg","Egg",""
"T_IngFlor_Taragetis_01","Taragetis Blossom","Plant",""
"T_IngFood_TartRedguard_01","Tart","Grain",""
"T_IngFlor_TawnyFunnelCap_01","Tawny Funnel Cap","Mushroom",""
"T_IngMine_TektiteDae_01","Tektite","Gem",""
"T_IngMine_Tektite_01","Tektite","Gem",""
"AB_IngFlor_TelvanniResin","Telvanni Resin","Plant",""
"T_IngFlor_TemarinBugloss_01","Temarin Bugloss Flower","Plant",""
"T_IngFlor_TempleDome_01","Temple Dome","",""
"T_IngCrea_Termite_01","Termites","",""
"T_IngFlor_ThirrineLily_01","Thirrine Water Lily","Plant",""
"T_IngFlor_ThorntailBerry_01","Thorntail Berry","Fruit,Plant",""
"T_IngFlor_ThorntailFlower_01","Thorntail Flower","Plant",""
"T_IngCrea_ThresherClaw_01","Thresher Claw","CreaturePart,Claw",""
"T_IngFlor_Thungleweed_01","Thungleweed Flower","Plant",""
"T_IngFlor_TigaraFruit_01","Tigara Fruit","Fruit",""
"T_IngFood_TGuarHide","Tiger Guar Hide","CreaturePart,Hide",""
"T_IngFlor_TigerlilyNectar_01","Tiger Lily Nectar","Plant",""
"T_IngFlor_TinderPolypore_01","Tinder Polypore Cap","Mushroom",""
"T_IngFlor_Tobacco_01","Tobacco","Plant",""
"T_IngFood_Tomato_01","Tomato","Vegetable",""
"AB_IngMine_Topaz_01","Topaz","Gem",""
"TR_m7_q_Ns_IC8_gem7","Topaz","Gem",""
"T_IngMine_TopazDae_01","Topaz","Gem",""
"T_IngMine_Topaz_01","Topaz","Gem",""
"TR_m1_Q_Topaz_Stationary","Topaz Offering","Gem",""
"TR_m1_Q_Ingred_Topaz","Topaz Offering","Gem","The same offering after it has been placed on the ash-pit in Rangirth Ancestral Tomb"
"AB_IngMine_Tourmaline_01","Tourmaline","Gem",""
"ingred_trama_root_01","Trama Root","Plant","Found growing in dry, hilly regions"
"ingred_treated_bittergreen_uniq","Treated Bittergreen Petals","Plant","Given by Taros Dral of the Morag Tong to poison Balyn Omavel for Mephala's Quest."
"T_IngFlor_Trefoil_01","Trefoil Flower","Plant",""
"T_IngFlor_TrembleWeedSap_01","Tremble Weed Sap","Plant",""
"T_IngCrea_Trichobezoar_01","Trichobezoar","",""
"T_IngFood_TrinityFruit_01","Trinity Fruit","Fruit",""
"T_IngCrea_Trollfat_01","Troll Fat","Meat",""
"T_IngFlor_Trollroot_01","Trollroot Fiber","CreaturePart",""
"T_IngFood_FishBrowntrout_01","Trout Meat","Meat,Fish",""
"T_IngSpice_Curcuma_01","Turmeric Powder","Spice,Mineral",""
"T_IngFlor_Turnip_01","Turnip","Vegetable",""
"T_IngMine_TurquoiseDae_01","Turquoise","Gem",""
"T_IngMine_Turquoise_01","Turquoise","Gem",""
"T_IngDye_Ultramarine_01","Ultramarine Dye","Mineral",""
"T_IngFlor_UmberMorchella_01","Umber Morchella ","Mushroom",""
"T_IngCrea_MothWingSky_01","Umber Moth Wing","CreaturePart",""
"ingred_belladonna_02","Unripened Belladonna Berries","Fruit,Plant","Grows all over Solstheim. Common at barrow entrances."
"ingred_vampire_dust_01","Vampire Dust","Mineral","Found by killing Vampires"
"T_IngFlor_VeiledUrnula_01","Veiled Urnula","Mushroom",""
"AB_IngFlor_Urnula","Veiled Urnula Cap","Mushroom",""
"T_IngCrea_VelkNectarSack_01","Velk Nectar Sac","Plant",""
"T_IngFood_MeatVenison_01","Venison","Meat",""
"T_IngDye_Verdigris_01","Verdigris Dye","Mineral",""
"T_IngDye_Vermilion_01","Vermilion Dye","Mineral",""
"T_IngFlor_VicarHerb_01","Vicar Herb Leaves","Plant",""
"AB_IngFlor_ViMuscaria_01","Vicious Chanterelle","Mushroom",""
"T_IngFlor_VileMorchella_01","Vile Morchella","Mushroom",""
"T_IngFood_Vinegar_01","Vinegar","Liquid",""
"ingred_coprinus_01","Violet Coprinus","Mushroom","These mushrooms grow throughout the Bitter Coast region, and are also common in caves."
"T_IngFlor_ViperBugloss_01","Viper Bugloss Leaves","Plant",""
"ingred_void_salts_01","Void Salts","Mineral","Found by killing Storm Atronachs or Winged Twilights"
"TR_m3_OE_TG_Vomit","Vomit","",""
"T_IngCrea_MeatDark_01","Warm Meat","Meat",""
"T_IngFood_WasabiRoot_01","Wasabi Root","Plant",""
"T_IngFlor_HyacinthNectar_01","Water Hyacinth Nectar Sacks","Plant",""
"T_IngFlor_WtLillyPink_01","Water Lilly","Plant",""
"T_IngFlor_WtLillyPurple_01","Water Lilly","Plant",""
"T_IngFlor_WtLillyWhite_01","Water Lilly","Plant",""
"T_IngFlor_WtLillyYellow_01","Water Lilly","Plant",""
"T_IngFood_RiverstriderEgg_01","Waterstrider Egg","Egg",""
"T_IngFlor_Weepveil_01","Weeping Veil","",""
"T_IngCrea_WelkyndDust_01","Welkynd Dust","Mineral",""
"T_IngFood_Wheat_01","Wheat","Grain",""
"T_IngMine_Agate_04","White Agate","Gem",""
"T_IngFlor_Bloatroot","White Bloatroot","",""
"TR_m3_i3_413_white clay","White Clay","",""
"T_IngDye_WhiteLead_01","White Lead Dye","Mineral",""
"T_IngFlor_LichenWhite_01","White Lichen","Plant",""
"ingred_wickwheat_01","Wickwheat","Grain","Found growing in the Grazelands region"
"AB_IngFood_WickwheatDumpling","Wickwheat Dumpling","Grain",""
"T_IngFlor_WidowkissPowder_01","Widow Kiss Powder","Mineral",""
"T_IngFlor_Cupling_01","Widow's Mortar","",""
"ingred_willow_anther_01","Willow Anther","Plant","Most common in the Ascadian Isles region"
"AB_IngCrea_TwilightMembrane","Winged Twilight Membrane","CreaturePart",""
"T_IngCrea_TwilightMembrane_01","Winged Twilight Membrane","CreaturePart",""
"T_IngFlor_WispStalk_01","Wisp Stalks","Plant",""
"T_IngFlor_Woadfl_01","Woad Seeds","Spice,Plant",""
"TR_m7_NVA8_ingred_wolf_pelt","Wolf Pelt","CreaturePart,Pelt",""
"ingred_wolf_pelt","Wolf Pelt","CreaturePart,Pelt","Found by killing Wolves"
"ingred_wolfsbane_01","Wolfsbane Petals","Plant","Grows on Hvitkald Peak. One found in Lassnr's shack in the Skaal village."
"T_IngCrea_BeetleShell_03","Wood Beetle Shell","CreaturePart",""
"T_IngFlor_WormWh02","Worm Wheat Incense","Grain",""
"T_IngFlor_WormWh01","Worm Wheat Tufts","Grain",""
"T_IngCrea_WormmouthHide_01","Wormmouth Hide","CreaturePart,Hide",""
"T_IngFlor_Wormwood_01","Wormwood Leaves","Plant",""
"AB_IngFood_KwamaEggCentWrap","Wrapped Century Kwama Egg","Egg",""
"ingred_6th_corprusmeat_04","Wrapped Corprusmeat Hunk","Meat",""
"T_IngFood_GrapeWrothgarian_01","Wrothgarian Grapes","Fruit",""
"T_IngFlor_YamOrb_01","Yam Orb","Vegetable",""
"T_IngFlor_FlaxFlower_03","Yellow Flax Flowers","Plant",""
"T_IngFlor_LichenYellow_01","Yellow Lichen","Plant",""
"T_IngCrea_MothWingCyr_03","Yellow Moth Wing","CreaturePart",""
"T_IngDye_YellowOchre_01","Yellow Ochre Dye","Mineral",""
"T_IngCrea_YethResin_01","Yeth Resin","Plant",""
"T_IngFlor_YuinRoot_01","Yuin Root","Plant",""
"T_IngFlor_ZukomaBlossom_01","Zukoma Blossom","Plant",""
